Sale_ id,Customer_ID,Card_ID,Price,Quantity,Transaction Date,Promotion Tag
1,148,890,$21.61 ,9,7/30/2018,Sale Price
2,301,267,$47.44 ,9,2/4/2019,Sale Price
3,37,132,$44.52 ,4,8/18/2018,Sale Price
4,208,536,$32.03 ,9,2/7/2019,
5,376,190,$39.67 ,1,4/12/2019,Sale Price
6,196,986,$45.78 ,3,10/15/2018,Sale Price
7,288,180,$22.06 ,2,7/13/2018,
8,377,212,$47.77 ,2,7/5/2018,
9,203,241,$44.15 ,10,3/13/2019,
10,359,847,$32.28 ,8,4/13/2019,Sale Price
11,156,61,$6.32 ,8,4/18/2019,
12,324,99,$19.46 ,8,10/12/2018,
13,24,388,$36.59 ,7,6/4/2019,
14,189,926,$48.88 ,9,3/8/2019,
15,354,455,$10.62 ,8,8/21/2018,
16,440,207,$25.11 ,7,8/30/2018,
17,325,812,$42.13 ,2,3/10/2019,Sale Price
18,233,101,$12.73 ,5,1/22/2019,Sale Price
19,60,761,$11.95 ,8,4/8/2019,
20,468,163,$49.43 ,2,11/12/2018,
21,249,122,$49.66 ,4,9/19/2018,
22,30,805,$44.08 ,4,5/28/2019,
23,175,299,$6.39 ,7,10/13/2018,
24,198,65,$3.07 ,5,9/20/2018,
25,170,628,$48.95 ,7,2/7/2019,
26,31,807,$18.00 ,8,10/4/2018,
27,252,471,$39.28 ,3,6/22/2019,
28,23,440,$12.85 ,6,8/5/2018,
29,471,970,$29.11 ,8,9/11/2018,
30,258,569,$21.14 ,3,2/1/2019,Sale Price
31,174,846,$41.56 ,4,12/1/2018,Sale Price
32,446,813,$31.59 ,5,11/23/2018,
33,246,864,$3.72 ,2,8/5/2018,Sale Price
34,235,215,$11.60 ,8,10/11/2018,
35,57,462,$8.40 ,5,9/26/2018,
36,184,103,$23.52 ,7,11/26/2018,
37,172,460,$32.54 ,8,12/16/2018,
38,377,52,$4.83 ,2,7/13/2018,
39,187,864,$15.43 ,3,4/21/2019,
40,24,371,$46.70 ,6,5/20/2019,
41,340,311,$2.85 ,3,5/21/2019,
42,494,385,$17.52 ,7,10/29/2018,
43,252,998,$37.57 ,4,8/22/2018,
44,225,614,$10.69 ,10,6/24/2019,
45,285,628,$2.20 ,9,3/7/2019,
46,377,595,$41.53 ,4,7/15/2018,
47,94,698,$41.97 ,4,1/24/2019,
48,436,555,$2.67 ,8,11/26/2018,Sale Price
49,302,705,$2.57 ,10,4/6/2019,
50,215,708,$41.86 ,3,10/2/2018,
51,87,893,$43.70 ,3,12/4/2018,
52,417,881,$29.55 ,2,5/2/2019,
53,330,713,$17.99 ,6,6/13/2019,
54,391,391,$30.52 ,2,11/15/2018,Sale Price
55,1,239,$26.06 ,9,2/9/2019,
56,152,742,$26.56 ,4,8/26/2018,
57,77,995,$45.91 ,1,7/15/2018,Sale Price
58,222,342,$17.83 ,8,12/27/2018,
59,361,446,$38.37 ,3,6/17/2019,
60,133,399,$6.45 ,3,8/25/2018,
61,414,811,$21.40 ,3,11/17/2018,Sale Price
62,116,388,$40.31 ,7,2/8/2019,Sale Price
63,62,459,$2.22 ,6,4/16/2019,
64,412,168,$30.44 ,2,2/17/2019,
65,47,683,$17.45 ,2,3/5/2019,
66,203,292,$9.99 ,5,10/5/2018,
67,297,225,$22.51 ,3,8/29/2018,
68,483,762,$26.82 ,10,11/5/2018,
69,89,289,$1.55 ,3,4/23/2019,Sale Price
70,253,688,$9.81 ,8,12/17/2018,
71,344,253,$21.56 ,8,9/26/2018,Sale Price
72,386,277,$43.06 ,8,3/29/2019,
73,486,183,$37.13 ,8,12/8/2018,
74,298,57,$24.91 ,4,10/31/2018,
75,478,838,$33.74 ,3,11/5/2018,
76,436,73,$26.63 ,4,4/1/2019,
77,425,460,$3.20 ,6,5/5/2019,
78,319,985,$41.70 ,4,5/28/2019,
79,461,308,$30.97 ,8,6/11/2019,
80,418,5,$3.83 ,4,6/9/2019,
81,55,888,$43.81 ,3,10/12/2018,
82,213,572,$28.17 ,3,10/1/2018,
83,243,193,$16.04 ,3,10/11/2018,Sale Price
84,186,800,$29.27 ,10,7/8/2018,
85,492,923,$28.45 ,10,9/19/2018,
86,380,779,$22.85 ,10,6/13/2019,
87,374,555,$33.97 ,4,10/15/2018,
88,161,707,$27.17 ,7,10/8/2018,Sale Price
89,182,214,$42.69 ,7,12/24/2018,
90,129,940,$28.87 ,9,5/21/2019,Sale Price
91,382,128,$3.70 ,3,9/25/2018,
92,117,750,$11.34 ,1,10/30/2018,
93,9,100,$13.76 ,10,10/3/2018,Sale Price
94,84,884,$21.12 ,7,2/20/2019,
95,442,451,$48.14 ,9,9/20/2018,
96,166,511,$11.79 ,3,2/5/2019,
97,96,801,$17.41 ,1,5/22/2019,
98,397,74,$46.87 ,4,10/28/2018,
99,459,573,$18.93 ,6,4/28/2019,
100,2,442,$43.90 ,1,11/18/2018,
101,500,917,$25.64 ,1,9/1/2018,
102,40,990,$10.97 ,3,5/21/2019,Sale Price
103,196,418,$24.04 ,3,10/31/2018,
104,5,103,$39.06 ,7,12/5/2018,
105,28,439,$2.07 ,4,10/16/2018,
106,489,601,$30.30 ,6,1/8/2019,
107,322,552,$49.85 ,2,2/22/2019,
108,440,168,$9.25 ,6,6/12/2019,
109,294,509,$24.14 ,6,8/10/2018,Sale Price
110,184,485,$34.58 ,4,4/15/2019,
111,102,122,$42.28 ,2,6/9/2019,
112,112,695,$7.87 ,8,8/25/2018,
113,185,129,$19.16 ,8,3/30/2019,
114,256,869,$4.15 ,1,8/12/2018,Sale Price
115,57,151,$27.93 ,10,10/6/2018,
116,329,708,$33.15 ,10,4/30/2019,Sale Price
117,122,168,$16.15 ,2,3/29/2019,
118,84,23,$14.94 ,6,9/16/2018,
119,373,577,$33.47 ,1,11/3/2018,
120,171,20,$15.64 ,3,8/26/2018,
121,347,526,$9.88 ,9,10/14/2018,
122,361,276,$41.60 ,7,5/20/2019,
123,385,722,$25.99 ,2,12/13/2018,Sale Price
124,104,733,$2.48 ,10,9/5/2018,
125,224,268,$15.72 ,3,9/23/2018,
126,286,871,$33.89 ,3,1/3/2019,
127,60,7,$6.92 ,7,3/10/2019,
128,24,921,$33.52 ,9,8/31/2018,
129,421,559,$35.36 ,3,8/21/2018,
130,233,641,$12.72 ,5,2/16/2019,
131,472,797,$8.37 ,6,7/26/2018,Sale Price
132,343,120,$12.02 ,7,6/10/2019,
133,441,265,$29.06 ,7,12/23/2018,
134,40,257,$21.01 ,8,9/11/2018,Sale Price
135,356,450,$7.65 ,10,11/7/2018,
136,24,171,$4.47 ,2,6/6/2019,
137,147,810,$15.28 ,8,5/5/2019,
138,148,109,$24.77 ,9,7/2/2019,Sale Price
139,153,890,$39.97 ,8,4/7/2019,
140,482,458,$22.61 ,5,4/30/2019,Sale Price
141,74,539,$19.56 ,1,12/5/2018,
142,127,565,$39.22 ,7,1/29/2019,
143,297,743,$39.07 ,4,11/19/2018,
144,466,439,$39.01 ,4,6/29/2019,
145,3,909,$29.64 ,9,9/6/2018,
146,154,132,$22.20 ,8,2/18/2019,Sale Price
147,63,598,$27.87 ,1,4/2/2019,
148,352,783,$17.90 ,1,8/2/2018,
149,307,660,$27.14 ,4,1/18/2019,
150,341,299,$35.92 ,3,8/21/2018,
151,335,187,$49.40 ,3,11/29/2018,
152,131,921,$8.50 ,4,3/9/2019,Sale Price
153,435,233,$12.54 ,9,6/21/2019,
154,97,404,$40.95 ,1,1/21/2019,
155,129,891,$28.67 ,2,4/17/2019,
156,457,272,$46.35 ,7,4/20/2019,
157,186,545,$22.54 ,5,8/31/2018,Sale Price
158,401,409,$42.87 ,9,6/16/2019,
159,316,66,$38.22 ,2,6/25/2019,
160,147,386,$36.88 ,5,3/21/2019,
161,280,902,$35.84 ,3,2/18/2019,
162,227,861,$17.44 ,8,2/21/2019,
163,288,340,$48.62 ,7,7/10/2018,
164,369,140,$41.22 ,4,8/28/2018,
165,246,443,$41.25 ,10,11/11/2018,
166,322,977,$37.17 ,1,7/11/2018,
167,481,28,$46.09 ,2,11/2/2018,
168,483,843,$24.37 ,9,5/23/2019,
169,453,352,$31.98 ,10,8/9/2018,
170,347,929,$1.04 ,10,10/18/2018,
171,354,342,$31.90 ,5,7/23/2018,Sale Price
172,206,855,$18.57 ,5,9/17/2018,
173,418,61,$25.45 ,3,5/29/2019,
174,393,304,$43.52 ,8,2/24/2019,
175,277,101,$40.44 ,3,7/21/2018,
176,172,654,$8.09 ,9,8/18/2018,
177,380,296,$17.10 ,5,8/17/2018,
178,397,6,$23.52 ,10,12/28/2018,
179,32,353,$5.70 ,2,5/23/2019,
180,318,63,$17.79 ,9,5/17/2019,Sale Price
181,111,935,$37.15 ,10,7/18/2018,
182,472,469,$25.45 ,3,8/24/2018,
183,436,741,$16.52 ,4,3/21/2019,
184,312,984,$3.67 ,6,1/6/2019,Sale Price
185,405,213,$34.10 ,6,12/1/2018,
186,273,63,$35.91 ,7,9/16/2018,
187,145,951,$47.59 ,7,8/9/2018,Sale Price
188,420,710,$24.04 ,1,6/14/2019,
189,476,720,$3.49 ,3,9/3/2018,
190,176,92,$19.51 ,1,2/24/2019,Sale Price
191,460,584,$8.06 ,4,8/11/2018,
192,302,302,$7.74 ,4,4/17/2019,
193,211,880,$19.84 ,5,12/15/2018,
194,288,718,$46.99 ,6,7/2/2019,Sale Price
195,117,638,$30.16 ,2,10/21/2018,
196,473,314,$32.67 ,5,8/26/2018,
197,303,472,$19.63 ,5,9/24/2018,
198,370,298,$12.62 ,6,2/7/2019,
199,230,674,$3.45 ,8,1/22/2019,Sale Price
200,283,959,$1.36 ,9,10/17/2018,
201,111,11,$10.28 ,4,12/3/2018,
202,235,549,$8.64 ,1,12/28/2018,
203,56,893,$36.52 ,5,7/21/2018,
204,28,897,$39.18 ,1,2/24/2019,
205,42,592,$10.51 ,5,10/4/2018,
206,153,410,$30.57 ,3,4/18/2019,Sale Price
207,69,92,$20.89 ,8,5/7/2019,
208,445,329,$24.53 ,3,4/18/2019,
209,265,118,$23.73 ,7,9/27/2018,Sale Price
210,196,28,$8.21 ,4,4/12/2019,
211,250,234,$31.93 ,7,7/8/2018,Sale Price
212,286,996,$32.12 ,9,5/21/2019,
213,253,552,$19.82 ,10,2/24/2019,
214,352,535,$13.35 ,3,11/15/2018,
215,404,638,$3.63 ,8,4/4/2019,Sale Price
216,237,512,$49.95 ,4,8/7/2018,
217,54,69,$34.02 ,5,5/10/2019,
218,34,101,$21.59 ,9,8/29/2018,
219,118,283,$15.59 ,7,10/29/2018,
220,443,629,$41.97 ,2,1/30/2019,
221,464,737,$32.18 ,1,9/9/2018,
222,125,159,$41.97 ,5,10/5/2018,
223,232,297,$33.90 ,2,7/16/2018,
224,1,339,$15.77 ,5,9/18/2018,
225,159,863,$39.40 ,4,4/15/2019,Sale Price
226,217,15,$27.62 ,5,6/28/2019,
227,291,990,$21.67 ,7,10/24/2018,
228,353,953,$6.58 ,5,7/27/2018,Sale Price
229,209,516,$8.77 ,8,7/27/2018,
230,208,514,$25.89 ,4,3/12/2019,
231,100,598,$42.27 ,2,3/24/2019,
232,73,915,$18.06 ,3,6/8/2019,Sale Price
233,194,543,$28.97 ,1,8/15/2018,
234,361,424,$33.30 ,4,12/24/2018,
235,392,795,$18.88 ,9,8/5/2018,
236,88,988,$24.04 ,9,8/6/2018,
237,175,748,$45.52 ,6,5/20/2019,Sale Price
238,273,853,$28.11 ,9,8/11/2018,
239,229,754,$37.20 ,8,6/27/2019,Sale Price
240,242,958,$16.23 ,3,7/29/2018,
241,110,231,$44.94 ,10,11/11/2018,
242,285,816,$1.97 ,6,12/24/2018,
243,353,205,$11.83 ,4,9/20/2018,
244,277,334,$28.69 ,3,4/27/2019,
245,381,373,$47.06 ,9,12/7/2018,
246,427,115,$27.66 ,1,3/28/2019,
247,218,105,$19.26 ,7,4/25/2019,
248,408,207,$22.16 ,3,11/13/2018,
249,226,637,$13.74 ,4,1/20/2019,
250,365,742,$2.32 ,3,3/28/2019,Sale Price
251,456,801,$26.74 ,1,3/14/2019,Sale Price
252,413,754,$46.05 ,7,12/28/2018,
253,117,614,$43.06 ,7,12/14/2018,Sale Price
254,289,815,$9.83 ,3,1/12/2019,
255,100,335,$22.26 ,2,7/10/2018,
256,389,744,$3.00 ,4,3/11/2019,
257,136,91,$26.73 ,6,4/12/2019,Sale Price
258,316,810,$44.28 ,4,3/11/2019,
259,377,36,$22.83 ,9,4/3/2019,
260,298,870,$39.57 ,4,5/13/2019,
261,241,13,$34.00 ,1,1/9/2019,
262,394,462,$27.14 ,6,6/29/2019,
263,467,100,$40.59 ,7,5/4/2019,
264,439,786,$14.75 ,9,2/2/2019,
265,126,43,$43.03 ,1,8/13/2018,
266,71,638,$36.84 ,1,1/7/2019,Sale Price
267,99,182,$45.86 ,1,9/25/2018,Sale Price
268,172,461,$36.12 ,10,5/1/2019,Sale Price
269,403,626,$20.80 ,5,5/10/2019,
270,238,860,$4.66 ,1,3/11/2019,
271,3,478,$12.03 ,7,10/21/2018,
272,244,210,$48.16 ,8,1/3/2019,
273,177,229,$32.76 ,4,1/3/2019,
274,428,952,$48.11 ,4,7/25/2018,
275,97,871,$31.00 ,9,4/20/2019,
276,133,310,$19.46 ,9,1/9/2019,
277,310,913,$36.67 ,4,6/5/2019,
278,419,100,$17.43 ,6,2/4/2019,
279,485,915,$43.34 ,2,8/25/2018,
280,357,206,$21.01 ,9,9/17/2018,
281,341,358,$48.21 ,10,8/8/2018,
282,197,274,$38.06 ,9,12/7/2018,
283,439,698,$41.16 ,4,10/3/2018,
284,445,455,$31.91 ,3,6/29/2019,
285,294,500,$6.73 ,2,2/16/2019,
286,135,658,$19.04 ,4,6/16/2019,
287,304,994,$25.14 ,8,9/8/2018,
288,39,739,$7.05 ,1,6/18/2019,Sale Price
289,353,515,$9.56 ,7,2/4/2019,Sale Price
290,215,30,$42.91 ,3,10/25/2018,
291,284,368,$10.05 ,2,8/17/2018,
292,417,470,$1.84 ,5,1/13/2019,
293,226,57,$18.52 ,4,11/27/2018,
294,98,818,$27.65 ,4,2/15/2019,
295,375,434,$34.32 ,5,11/9/2018,
296,395,289,$20.27 ,1,9/14/2018,
297,485,522,$13.19 ,7,7/17/2018,Sale Price
298,273,681,$45.31 ,4,11/10/2018,
299,160,238,$14.79 ,7,10/24/2018,Sale Price
300,226,563,$12.93 ,9,12/6/2018,
301,431,853,$36.63 ,1,10/19/2018,
302,339,651,$15.94 ,8,7/29/2018,
303,375,69,$5.64 ,8,8/9/2018,
304,90,681,$4.54 ,5,7/7/2018,
305,37,265,$5.40 ,9,7/28/2018,
306,38,44,$32.91 ,4,3/20/2019,
307,144,751,$28.86 ,8,3/20/2019,Sale Price
308,427,624,$44.84 ,10,11/3/2018,
309,125,540,$48.37 ,9,2/7/2019,
310,473,510,$35.76 ,8,5/4/2019,
311,60,25,$2.54 ,2,12/19/2018,
312,303,788,$16.33 ,6,5/16/2019,
313,89,803,$42.53 ,6,9/7/2018,
314,384,686,$24.29 ,4,6/5/2019,
315,481,426,$13.39 ,9,5/4/2019,
316,197,692,$9.81 ,8,8/29/2018,
317,153,258,$30.83 ,10,8/14/2018,
318,414,886,$13.86 ,5,2/15/2019,Sale Price
319,10,753,$2.83 ,1,7/20/2018,Sale Price
320,101,364,$47.20 ,8,4/10/2019,
321,390,332,$36.59 ,6,12/14/2018,
322,464,288,$35.53 ,9,11/8/2018,
323,93,736,$25.72 ,7,7/15/2018,
324,240,422,$18.24 ,10,10/1/2018,
325,454,901,$28.04 ,9,1/11/2019,
326,247,384,$29.86 ,6,2/20/2019,
327,341,800,$19.75 ,3,10/10/2018,Sale Price
328,319,803,$35.57 ,5,10/13/2018,
329,415,198,$12.89 ,5,1/6/2019,
330,432,168,$11.85 ,3,9/30/2018,
331,225,184,$20.35 ,4,4/11/2019,
332,150,111,$45.89 ,3,5/23/2019,
333,269,778,$49.87 ,9,2/23/2019,Sale Price
334,19,33,$22.28 ,10,7/16/2018,
335,401,537,$28.14 ,2,3/5/2019,
336,2,330,$31.93 ,3,4/26/2019,
337,192,243,$41.58 ,6,11/26/2018,
338,377,615,$49.97 ,4,6/9/2019,
339,404,192,$39.25 ,1,4/7/2019,
340,14,587,$31.50 ,10,5/19/2019,
341,226,434,$6.61 ,3,2/10/2019,
342,48,302,$24.81 ,5,9/13/2018,
343,231,340,$6.40 ,5,9/17/2018,
344,296,995,$48.38 ,1,2/21/2019,Sale Price
345,23,185,$13.83 ,7,10/27/2018,
346,420,203,$42.79 ,7,4/21/2019,
347,251,130,$15.73 ,9,9/7/2018,Sale Price
348,116,856,$19.97 ,4,10/10/2018,
349,332,850,$4.09 ,2,2/2/2019,
350,485,54,$21.81 ,5,5/23/2019,
351,71,830,$42.47 ,7,3/13/2019,Sale Price
352,139,644,$43.42 ,4,10/1/2018,Sale Price
353,166,688,$17.10 ,10,7/19/2018,
354,359,41,$46.67 ,6,11/6/2018,
355,467,126,$11.15 ,9,10/31/2018,
356,383,829,$48.01 ,9,5/11/2019,
357,254,76,$22.18 ,1,9/4/2018,
358,264,620,$21.42 ,6,8/22/2018,Sale Price
359,152,65,$45.72 ,3,9/10/2018,
360,272,562,$7.16 ,2,4/28/2019,
361,319,170,$9.49 ,7,6/1/2019,
362,151,1000,$44.46 ,7,8/12/2018,
363,154,389,$27.41 ,7,11/20/2018,
364,126,318,$21.87 ,2,9/29/2018,
365,312,616,$24.44 ,7,1/1/2019,
366,101,427,$45.18 ,5,3/25/2019,
367,346,733,$45.48 ,8,6/15/2019,Sale Price
368,245,125,$44.30 ,7,10/1/2018,
369,440,774,$45.02 ,1,9/21/2018,
370,365,171,$4.23 ,5,2/14/2019,Sale Price
371,284,534,$22.41 ,7,8/11/2018,Sale Price
372,355,512,$25.06 ,5,5/28/2019,
373,233,102,$8.54 ,8,1/9/2019,
374,76,736,$25.11 ,7,5/27/2019,
375,301,56,$46.29 ,7,11/12/2018,Sale Price
376,280,785,$2.59 ,8,2/10/2019,
377,35,918,$34.50 ,2,6/4/2019,Sale Price
378,13,377,$13.18 ,6,5/1/2019,
379,54,541,$12.99 ,6,9/24/2018,
380,172,175,$22.99 ,2,5/18/2019,
381,238,505,$23.59 ,2,6/1/2019,
382,142,761,$21.73 ,4,12/5/2018,
383,144,966,$48.36 ,6,5/28/2019,
384,265,643,$17.26 ,5,10/20/2018,
385,181,560,$10.10 ,10,7/10/2018,
386,437,915,$33.79 ,10,9/30/2018,
387,305,179,$44.42 ,6,11/20/2018,
388,180,242,$15.89 ,8,6/16/2019,Sale Price
389,488,689,$25.45 ,6,3/13/2019,
390,339,129,$11.59 ,7,4/16/2019,
391,392,233,$20.55 ,3,4/26/2019,Sale Price
392,88,232,$12.84 ,3,2/2/2019,
393,160,289,$24.47 ,1,1/12/2019,
394,57,482,$40.60 ,9,9/4/2018,
395,220,91,$44.95 ,3,8/2/2018,
396,298,268,$41.05 ,1,8/3/2018,
397,356,986,$48.66 ,2,11/11/2018,
398,368,533,$15.54 ,4,1/14/2019,Sale Price
399,316,894,$37.08 ,2,4/17/2019,Sale Price
400,190,316,$44.72 ,2,2/18/2019,
401,324,12,$10.43 ,9,9/27/2018,
402,380,818,$21.93 ,9,9/3/2018,Sale Price
403,304,575,$47.23 ,4,11/12/2018,
404,78,19,$21.34 ,10,3/8/2019,
405,420,287,$43.48 ,10,8/27/2018,
406,355,37,$30.65 ,8,3/2/2019,
407,165,902,$3.45 ,5,11/17/2018,
408,189,619,$35.81 ,1,2/28/2019,
409,345,5,$7.02 ,6,8/7/2018,Sale Price
410,44,441,$32.06 ,2,7/10/2018,
411,169,256,$30.78 ,3,10/10/2018,
412,422,506,$25.72 ,7,2/4/2019,Sale Price
413,92,994,$45.71 ,5,12/26/2018,
414,275,198,$32.63 ,2,6/22/2019,
415,205,353,$18.00 ,1,11/23/2018,
416,19,520,$46.92 ,9,11/19/2018,Sale Price
417,495,781,$27.95 ,9,4/7/2019,Sale Price
418,72,114,$1.28 ,3,7/6/2018,
419,304,88,$36.16 ,10,1/22/2019,
420,256,299,$43.02 ,2,3/8/2019,
421,303,669,$17.67 ,4,12/16/2018,
422,106,572,$5.05 ,1,10/27/2018,
423,178,63,$45.59 ,4,6/11/2019,
424,269,437,$38.76 ,10,4/16/2019,
425,352,345,$45.24 ,10,9/8/2018,Sale Price
426,40,660,$12.71 ,7,3/20/2019,Sale Price
427,138,651,$33.14 ,4,2/2/2019,
428,338,194,$26.11 ,10,4/16/2019,
429,22,702,$25.35 ,8,2/27/2019,
430,333,227,$34.10 ,1,9/11/2018,
431,111,345,$43.29 ,3,12/18/2018,
432,433,916,$32.51 ,2,9/2/2018,
433,124,280,$1.66 ,10,9/27/2018,
434,3,913,$6.11 ,7,12/14/2018,
435,6,367,$12.92 ,8,6/6/2019,
436,181,993,$20.46 ,3,7/8/2018,
437,482,514,$17.71 ,8,5/9/2019,
438,45,478,$23.04 ,7,10/13/2018,
439,160,955,$15.59 ,3,11/27/2018,
440,250,690,$11.43 ,3,1/22/2019,
441,149,518,$1.57 ,3,7/10/2018,
442,323,711,$9.40 ,10,1/6/2019,Sale Price
443,387,460,$4.66 ,8,2/27/2019,
444,34,83,$14.95 ,5,9/19/2018,
445,31,218,$6.44 ,7,5/2/2019,
446,258,967,$31.75 ,7,12/25/2018,Sale Price
447,65,249,$9.01 ,9,5/6/2019,
448,325,697,$14.57 ,10,9/3/2018,
449,328,855,$45.97 ,6,4/2/2019,Sale Price
450,248,539,$39.56 ,8,3/28/2019,
451,31,991,$38.04 ,7,3/30/2019,
452,80,77,$12.91 ,7,8/30/2018,Sale Price
453,432,258,$13.29 ,6,8/15/2018,
454,263,811,$15.85 ,10,10/29/2018,
455,121,580,$45.34 ,7,4/29/2019,
456,66,2,$2.89 ,4,5/31/2019,Sale Price
457,18,56,$31.22 ,3,1/19/2019,Sale Price
458,154,562,$17.82 ,1,10/2/2018,
459,433,448,$44.46 ,4,9/29/2018,
460,179,544,$35.75 ,2,6/16/2019,
461,103,135,$2.18 ,8,11/4/2018,Sale Price
462,414,976,$45.51 ,7,12/3/2018,
463,56,706,$7.03 ,3,2/26/2019,Sale Price
464,270,514,$27.04 ,6,4/22/2019,
465,96,293,$19.44 ,4,2/15/2019,
466,326,788,$13.21 ,6,11/1/2018,
467,203,875,$11.66 ,10,5/5/2019,
468,145,86,$22.70 ,9,4/20/2019,
469,366,657,$13.16 ,2,8/11/2018,Sale Price
470,138,489,$27.75 ,6,9/15/2018,
471,323,459,$38.72 ,6,5/13/2019,Sale Price
472,303,162,$4.04 ,10,10/26/2018,
473,428,61,$7.10 ,1,1/16/2019,
474,91,833,$11.67 ,5,8/6/2018,
475,279,420,$7.63 ,3,4/27/2019,
476,124,835,$33.67 ,4,10/2/2018,
477,316,4,$21.90 ,5,3/28/2019,
478,235,450,$23.32 ,10,9/1/2018,
479,152,688,$44.90 ,5,10/22/2018,
480,249,202,$8.11 ,2,4/6/2019,
481,301,108,$41.41 ,9,10/8/2018,
482,213,255,$27.97 ,3,2/12/2019,
483,15,245,$9.95 ,6,8/4/2018,
484,320,928,$30.87 ,3,4/9/2019,
485,251,285,$20.14 ,5,4/16/2019,
486,235,206,$45.97 ,2,6/8/2019,Sale Price
487,13,975,$38.40 ,4,5/29/2019,
488,97,905,$30.66 ,9,11/6/2018,
489,101,808,$49.67 ,7,7/9/2018,
490,410,638,$38.04 ,1,1/28/2019,
491,161,972,$18.91 ,4,9/12/2018,
492,160,666,$36.10 ,3,3/10/2019,
493,366,435,$45.25 ,9,5/10/2019,Sale Price
494,349,892,$33.45 ,6,9/29/2018,Sale Price
495,390,939,$8.38 ,4,12/28/2018,
496,393,726,$7.24 ,5,11/21/2018,
497,471,330,$36.41 ,6,8/21/2018,Sale Price
498,201,342,$24.19 ,10,7/18/2018,
499,276,474,$11.45 ,5,5/3/2019,
500,362,649,$15.09 ,2,5/22/2019,Sale Price
501,245,930,$22.65 ,4,4/22/2019,
502,488,177,$1.67 ,3,4/3/2019,
503,231,173,$9.71 ,6,5/18/2019,
504,365,236,$41.77 ,5,10/20/2018,
505,145,701,$33.66 ,8,5/29/2019,
506,274,2,$36.42 ,10,12/12/2018,
507,392,779,$28.43 ,6,4/7/2019,
508,446,715,$15.20 ,7,11/20/2018,
509,485,329,$27.18 ,1,7/4/2018,
510,20,556,$42.79 ,7,1/26/2019,
511,327,488,$19.14 ,8,5/23/2019,
512,160,790,$4.30 ,7,4/7/2019,
513,173,379,$33.22 ,3,10/19/2018,Sale Price
514,369,368,$37.56 ,7,5/29/2019,
515,354,802,$13.27 ,9,3/5/2019,Sale Price
516,4,959,$34.13 ,8,2/21/2019,
517,239,791,$10.94 ,9,12/21/2018,
518,207,459,$25.76 ,1,10/1/2018,
519,490,273,$45.56 ,3,8/14/2018,
520,86,35,$5.26 ,5,10/16/2018,
521,13,776,$32.43 ,1,11/16/2018,
522,480,292,$34.06 ,7,1/17/2019,
523,398,746,$24.20 ,5,12/22/2018,
524,307,21,$31.86 ,5,12/6/2018,
525,500,353,$14.06 ,10,12/30/2018,
526,342,724,$4.93 ,6,6/7/2019,
527,429,329,$2.94 ,1,7/28/2018,
528,385,242,$13.09 ,8,6/13/2019,
529,353,595,$13.31 ,10,11/19/2018,Sale Price
530,84,102,$8.40 ,5,9/29/2018,
531,123,134,$20.89 ,1,5/26/2019,
532,225,334,$47.88 ,3,8/5/2018,
533,38,466,$14.36 ,5,8/7/2018,
534,28,357,$47.46 ,7,9/3/2018,Sale Price
535,347,660,$5.11 ,6,11/25/2018,
536,291,904,$45.69 ,3,4/23/2019,
537,177,322,$28.50 ,9,3/26/2019,
538,175,175,$4.24 ,10,8/2/2018,
539,50,37,$32.63 ,1,8/14/2018,
540,320,441,$2.28 ,6,11/2/2018,Sale Price
541,146,275,$18.27 ,8,5/13/2019,
542,71,619,$49.78 ,5,8/27/2018,Sale Price
543,406,743,$46.66 ,10,9/16/2018,Sale Price
544,258,76,$34.35 ,10,3/14/2019,
545,129,605,$4.87 ,7,12/12/2018,
546,278,540,$12.17 ,1,9/3/2018,
547,81,228,$27.56 ,6,10/31/2018,
548,54,155,$38.06 ,4,7/1/2019,
549,339,720,$32.84 ,3,12/8/2018,Sale Price
550,259,23,$36.93 ,8,6/6/2019,Sale Price
551,432,686,$28.77 ,4,7/23/2018,
552,60,27,$8.36 ,2,5/23/2019,Sale Price
553,155,287,$10.46 ,6,9/13/2018,Sale Price
554,443,729,$45.21 ,3,5/14/2019,
555,251,409,$1.85 ,1,12/19/2018,
556,23,22,$4.85 ,9,11/22/2018,
557,369,395,$1.49 ,6,9/28/2018,
558,381,528,$47.60 ,10,5/18/2019,
559,34,7,$39.04 ,6,2/3/2019,
560,457,294,$49.53 ,8,3/27/2019,
561,447,360,$21.07 ,3,1/25/2019,Sale Price
562,224,287,$30.64 ,10,4/30/2019,
563,61,527,$25.85 ,9,2/1/2019,Sale Price
564,46,676,$13.48 ,3,1/22/2019,
565,421,25,$27.14 ,9,4/21/2019,
566,109,440,$13.08 ,8,3/10/2019,Sale Price
567,419,633,$17.06 ,3,10/7/2018,
568,194,317,$4.09 ,7,7/11/2018,
569,353,865,$35.85 ,9,1/4/2019,
570,404,36,$40.67 ,6,9/10/2018,
571,326,789,$12.89 ,9,7/10/2018,
572,380,314,$34.67 ,4,12/27/2018,
573,333,512,$13.44 ,4,5/26/2019,Sale Price
574,214,290,$16.53 ,4,6/14/2019,
575,260,926,$23.79 ,6,3/1/2019,
576,450,634,$38.88 ,9,4/12/2019,
577,91,9,$34.83 ,1,9/3/2018,
578,237,501,$41.44 ,8,1/2/2019,
579,371,476,$28.39 ,3,7/31/2018,
580,92,889,$24.74 ,4,6/1/2019,
581,144,870,$44.31 ,4,3/24/2019,
582,442,991,$11.14 ,3,7/18/2018,
583,176,401,$16.64 ,8,5/5/2019,
584,181,851,$24.86 ,1,9/14/2018,
585,122,126,$5.46 ,5,10/9/2018,
586,427,857,$2.91 ,6,11/24/2018,
587,302,191,$4.49 ,5,11/18/2018,
588,88,357,$15.96 ,6,10/3/2018,
589,360,702,$35.74 ,4,10/6/2018,
590,132,518,$27.37 ,2,5/15/2019,
591,475,786,$41.26 ,1,1/16/2019,
592,361,703,$28.49 ,4,5/3/2019,
593,448,510,$47.92 ,9,3/22/2019,
594,16,603,$8.06 ,6,4/27/2019,Sale Price
595,285,378,$36.38 ,10,10/30/2018,
596,121,375,$49.68 ,2,2/28/2019,
597,338,925,$28.40 ,4,5/11/2019,
598,152,98,$14.80 ,6,4/18/2019,
599,131,295,$47.36 ,3,1/29/2019,Sale Price
600,334,360,$4.65 ,10,8/27/2018,
601,399,24,$35.49 ,9,3/16/2019,
602,255,725,$9.13 ,2,12/29/2018,
603,303,166,$2.91 ,3,8/26/2018,
604,489,928,$9.33 ,9,5/5/2019,
605,68,564,$40.49 ,6,1/21/2019,
606,88,851,$16.36 ,9,3/24/2019,
607,9,107,$14.78 ,2,1/3/2019,
608,131,38,$22.92 ,9,6/26/2019,
609,102,574,$11.31 ,9,11/27/2018,
610,231,293,$5.49 ,2,10/6/2018,
611,177,766,$5.19 ,3,9/27/2018,
612,50,61,$29.39 ,10,4/15/2019,Sale Price
613,342,219,$35.76 ,6,3/25/2019,Sale Price
614,289,885,$33.76 ,9,7/9/2018,Sale Price
615,226,762,$38.61 ,9,12/9/2018,
616,307,861,$44.07 ,7,8/14/2018,
617,296,90,$18.87 ,5,10/28/2018,
618,67,453,$45.24 ,2,11/25/2018,
619,309,771,$11.09 ,3,3/26/2019,
620,16,844,$7.57 ,7,9/26/2018,
621,217,988,$17.25 ,10,2/6/2019,
622,394,146,$6.67 ,9,12/31/2018,
623,313,820,$36.76 ,8,4/11/2019,
624,482,450,$31.06 ,3,10/10/2018,
625,323,337,$38.80 ,8,5/30/2019,
626,453,130,$6.08 ,4,1/23/2019,
627,92,148,$13.51 ,2,7/30/2018,Sale Price
628,400,702,$46.34 ,5,1/15/2019,
629,292,167,$19.18 ,5,6/19/2019,
630,362,58,$4.49 ,10,9/27/2018,
631,245,145,$33.44 ,1,4/30/2019,
632,52,256,$35.59 ,9,2/9/2019,
633,164,105,$33.15 ,8,3/10/2019,Sale Price
634,317,324,$15.07 ,7,6/24/2019,
635,464,210,$31.45 ,6,3/1/2019,
636,86,857,$27.12 ,8,8/7/2018,
637,462,388,$42.53 ,2,7/9/2018,
638,316,858,$17.51 ,8,9/2/2018,
639,164,653,$28.93 ,1,1/7/2019,
640,134,168,$8.59 ,5,2/12/2019,
641,137,454,$47.47 ,6,7/27/2018,Sale Price
642,344,186,$7.51 ,10,3/20/2019,Sale Price
643,305,68,$12.18 ,4,5/8/2019,
644,96,196,$28.47 ,3,10/22/2018,
645,496,191,$37.03 ,5,1/27/2019,
646,76,612,$30.45 ,3,9/29/2018,
647,240,975,$16.37 ,8,5/23/2019,
648,250,11,$2.86 ,4,1/6/2019,
649,37,643,$14.93 ,10,10/5/2018,
650,96,335,$3.95 ,9,12/15/2018,
651,412,839,$30.83 ,9,8/5/2018,
652,148,603,$40.03 ,1,10/5/2018,Sale Price
653,453,404,$46.88 ,2,1/30/2019,
654,472,201,$4.06 ,7,4/7/2019,Sale Price
655,234,107,$29.15 ,2,10/24/2018,
656,403,751,$25.49 ,2,3/8/2019,Sale Price
657,309,995,$37.94 ,3,4/2/2019,Sale Price
658,75,438,$48.95 ,8,2/13/2019,
659,321,571,$25.11 ,4,4/18/2019,
660,267,573,$2.11 ,10,7/28/2018,Sale Price
661,312,575,$40.68 ,2,2/6/2019,
662,188,499,$13.59 ,6,8/21/2018,
663,328,428,$31.43 ,8,8/21/2018,
664,137,741,$5.14 ,3,2/24/2019,
665,364,679,$42.07 ,10,2/28/2019,Sale Price
666,395,939,$29.68 ,5,3/1/2019,
667,17,682,$47.90 ,9,8/9/2018,
668,374,312,$4.74 ,2,12/2/2018,
669,457,321,$6.83 ,6,7/31/2018,
670,478,995,$11.72 ,10,6/5/2019,Sale Price
671,478,682,$2.70 ,10,10/3/2018,
672,388,628,$17.43 ,10,6/14/2019,
673,60,295,$30.48 ,4,10/22/2018,
674,350,303,$11.53 ,3,6/22/2019,
675,63,593,$35.77 ,6,8/6/2018,
676,34,207,$13.74 ,8,7/19/2018,
677,422,441,$19.81 ,10,6/27/2019,
678,472,443,$47.11 ,2,3/22/2019,Sale Price
679,420,860,$16.41 ,2,9/29/2018,
680,108,234,$9.92 ,6,1/19/2019,
681,372,414,$39.29 ,10,2/26/2019,
682,251,891,$25.27 ,7,4/5/2019,
683,316,290,$20.55 ,10,1/27/2019,
684,120,939,$19.10 ,2,5/23/2019,
685,92,504,$6.89 ,3,11/25/2018,
686,473,555,$24.58 ,8,7/26/2018,Sale Price
687,184,276,$22.85 ,1,7/26/2018,
688,305,167,$28.93 ,5,11/27/2018,
689,350,671,$49.47 ,1,1/1/2019,Sale Price
690,239,179,$34.22 ,9,1/30/2019,
691,174,35,$1.52 ,10,1/13/2019,
692,6,5,$25.52 ,3,4/20/2019,
693,343,97,$14.37 ,9,2/8/2019,
694,42,558,$19.98 ,2,3/8/2019,
695,352,466,$25.31 ,4,7/6/2018,
696,351,186,$19.74 ,5,9/19/2018,
697,5,28,$47.59 ,1,4/27/2019,Sale Price
698,104,883,$7.97 ,1,3/23/2019,
699,349,994,$29.10 ,3,5/11/2019,
700,295,703,$14.23 ,10,11/11/2018,Sale Price
701,280,878,$19.28 ,9,7/20/2018,
702,71,897,$2.41 ,4,9/28/2018,Sale Price
703,345,195,$20.38 ,10,7/12/2018,
704,350,417,$37.32 ,8,8/19/2018,
705,443,873,$18.14 ,9,11/5/2018,
706,387,425,$44.28 ,4,5/21/2019,
707,59,964,$8.28 ,3,10/10/2018,
708,463,250,$32.65 ,7,9/21/2018,
709,476,21,$14.33 ,6,5/24/2019,
710,145,636,$19.84 ,4,7/10/2018,Sale Price
711,37,570,$22.68 ,1,9/16/2018,
712,253,179,$10.61 ,9,3/14/2019,Sale Price
713,64,167,$36.45 ,8,6/16/2019,
714,23,462,$32.76 ,6,1/16/2019,
715,301,754,$41.41 ,1,1/16/2019,
716,150,404,$2.13 ,2,8/17/2018,
717,130,592,$41.50 ,4,8/15/2018,
718,36,497,$31.72 ,10,6/15/2019,
719,307,899,$26.03 ,7,12/20/2018,
720,416,461,$48.22 ,7,12/3/2018,
721,96,515,$30.73 ,4,7/14/2018,
722,363,590,$7.99 ,1,9/5/2018,
723,181,135,$47.26 ,4,7/1/2019,
724,321,99,$28.41 ,3,8/4/2018,
725,3,586,$49.08 ,3,2/21/2019,
726,484,589,$29.83 ,7,10/3/2018,
727,319,257,$32.72 ,2,2/16/2019,
728,223,809,$7.63 ,8,4/11/2019,
729,56,778,$23.30 ,4,12/27/2018,Sale Price
730,117,566,$15.90 ,10,7/25/2018,
731,151,791,$37.61 ,7,8/14/2018,
732,445,780,$45.61 ,7,4/18/2019,
733,250,857,$22.83 ,9,6/9/2019,
734,440,739,$46.89 ,1,4/25/2019,
735,298,12,$3.55 ,8,6/17/2019,
736,414,16,$16.00 ,3,12/29/2018,Sale Price
737,405,13,$1.21 ,6,10/27/2018,
738,174,367,$18.06 ,2,7/6/2018,Sale Price
739,204,770,$2.81 ,9,11/20/2018,Sale Price
740,426,283,$42.55 ,1,10/19/2018,
741,440,526,$34.18 ,4,6/9/2019,
742,74,940,$44.59 ,4,3/6/2019,
743,337,352,$49.45 ,3,3/21/2019,
744,81,956,$10.55 ,2,12/18/2018,
745,449,87,$41.76 ,5,8/26/2018,Sale Price
746,145,151,$40.77 ,8,7/23/2018,
747,466,675,$34.49 ,10,4/18/2019,Sale Price
748,87,373,$35.65 ,10,5/18/2019,
749,36,810,$31.87 ,4,1/15/2019,
750,261,326,$48.60 ,4,6/17/2019,Sale Price
751,89,363,$4.34 ,1,12/27/2018,
752,54,500,$24.71 ,10,6/10/2019,
753,88,654,$33.33 ,4,11/15/2018,Sale Price
754,259,528,$23.90 ,9,5/21/2019,Sale Price
755,453,192,$12.59 ,3,9/14/2018,
756,426,195,$22.06 ,6,1/26/2019,
757,3,139,$14.23 ,4,11/10/2018,
758,326,304,$18.95 ,2,7/10/2018,
759,220,196,$6.74 ,10,12/15/2018,
760,251,775,$7.06 ,3,4/8/2019,
761,319,249,$49.42 ,3,9/6/2018,
762,172,499,$4.66 ,10,4/20/2019,Sale Price
763,484,483,$42.19 ,4,10/7/2018,
764,234,188,$9.40 ,2,7/23/2018,
765,225,194,$34.49 ,5,10/6/2018,
766,159,26,$21.31 ,10,5/21/2019,
767,485,208,$19.11 ,1,5/22/2019,
768,197,768,$1.83 ,2,2/16/2019,
769,150,778,$32.01 ,9,10/30/2018,
770,99,323,$29.86 ,4,2/10/2019,Sale Price
771,71,685,$38.42 ,6,8/12/2018,Sale Price
772,391,122,$9.60 ,3,12/28/2018,
773,434,625,$43.45 ,1,6/19/2019,
774,19,424,$45.74 ,5,7/8/2018,
775,261,164,$23.57 ,9,11/11/2018,Sale Price
776,174,783,$5.09 ,5,8/9/2018,Sale Price
777,361,159,$42.02 ,2,6/30/2019,Sale Price
778,17,262,$45.28 ,4,5/31/2019,
779,439,783,$3.85 ,7,10/15/2018,
780,127,851,$44.54 ,6,3/22/2019,
781,170,371,$2.48 ,2,12/26/2018,
782,226,272,$42.43 ,9,11/6/2018,
783,135,148,$49.19 ,5,11/22/2018,
784,181,505,$32.19 ,8,7/16/2018,
785,195,16,$36.92 ,10,10/18/2018,Sale Price
786,130,167,$37.67 ,6,8/24/2018,
787,242,149,$13.93 ,10,11/22/2018,
788,234,516,$2.37 ,6,1/26/2019,Sale Price
789,69,358,$5.57 ,1,2/8/2019,
790,121,774,$41.27 ,5,10/18/2018,
791,237,232,$27.71 ,6,6/5/2019,
792,256,725,$48.72 ,6,4/9/2019,
793,392,134,$47.47 ,3,5/12/2019,
794,239,418,$30.38 ,5,12/24/2018,Sale Price
795,198,142,$20.20 ,3,1/22/2019,
796,500,152,$38.38 ,8,4/22/2019,
797,346,498,$10.99 ,3,10/28/2018,
798,75,884,$18.29 ,3,5/26/2019,
799,198,857,$6.47 ,9,11/29/2018,
800,271,650,$13.81 ,9,7/10/2018,
801,230,117,$4.17 ,6,2/14/2019,
802,366,459,$29.62 ,2,3/31/2019,
803,115,218,$13.51 ,9,1/10/2019,
804,28,403,$22.92 ,6,9/14/2018,
805,263,720,$8.14 ,1,9/2/2018,Sale Price
806,251,889,$48.12 ,5,11/4/2018,
807,442,484,$8.55 ,6,4/16/2019,
808,102,39,$40.62 ,9,7/8/2018,
809,182,12,$37.67 ,10,8/21/2018,Sale Price
810,471,930,$40.91 ,4,1/7/2019,
811,43,611,$32.94 ,1,5/4/2019,
812,337,769,$2.19 ,1,7/12/2018,Sale Price
813,49,312,$47.47 ,7,2/11/2019,
814,88,991,$41.17 ,2,4/12/2019,
815,130,811,$39.91 ,10,2/23/2019,
816,56,87,$40.03 ,7,12/13/2018,Sale Price
817,221,88,$43.17 ,3,1/23/2019,
818,491,673,$39.09 ,10,3/19/2019,
819,198,478,$48.86 ,3,8/12/2018,Sale Price
820,296,676,$18.84 ,5,7/14/2018,Sale Price
821,158,834,$21.59 ,1,12/13/2018,Sale Price
822,208,701,$25.35 ,3,4/7/2019,
823,295,724,$44.52 ,9,10/21/2018,
824,172,595,$8.45 ,7,2/12/2019,Sale Price
825,81,864,$24.07 ,10,2/1/2019,
826,168,51,$15.50 ,1,9/6/2018,
827,238,916,$12.27 ,7,7/22/2018,
828,185,742,$38.90 ,1,6/29/2019,
829,450,247,$27.26 ,7,9/11/2018,
830,128,962,$9.90 ,8,8/3/2018,
831,351,257,$42.66 ,4,2/21/2019,
832,238,380,$20.84 ,2,11/7/2018,Sale Price
833,442,95,$44.71 ,1,7/3/2018,
834,402,548,$12.42 ,9,2/23/2019,
835,112,52,$41.36 ,6,5/26/2019,
836,159,558,$18.88 ,2,7/23/2018,
837,49,575,$11.01 ,5,4/29/2019,
838,112,196,$39.15 ,9,5/8/2019,Sale Price
839,224,459,$48.42 ,8,7/23/2018,
840,20,477,$19.10 ,5,4/30/2019,
841,329,939,$28.57 ,10,12/25/2018,
842,457,67,$27.36 ,10,6/12/2019,Sale Price
843,140,559,$45.02 ,5,2/11/2019,
844,139,596,$46.84 ,10,2/15/2019,
845,31,816,$21.54 ,7,7/1/2019,
846,374,745,$12.11 ,4,6/1/2019,
847,258,81,$46.62 ,1,7/2/2019,
848,394,818,$8.42 ,2,3/8/2019,
849,69,682,$38.65 ,5,12/31/2018,
850,300,258,$8.98 ,6,11/18/2018,Sale Price
851,4,811,$23.89 ,10,12/17/2018,
852,355,11,$7.72 ,2,3/1/2019,Sale Price
853,162,111,$6.73 ,5,7/13/2018,Sale Price
854,92,758,$5.18 ,4,8/22/2018,
855,81,600,$42.51 ,5,4/1/2019,Sale Price
856,77,122,$14.54 ,8,1/16/2019,
857,118,281,$16.53 ,8,2/10/2019,
858,387,43,$28.55 ,4,8/3/2018,
859,456,109,$13.20 ,4,10/17/2018,Sale Price
860,480,61,$29.53 ,7,5/30/2019,
861,498,240,$41.33 ,1,11/8/2018,
862,255,774,$26.45 ,10,10/19/2018,
863,334,133,$38.07 ,5,8/27/2018,
864,306,769,$3.62 ,9,11/12/2018,
865,13,868,$44.38 ,4,2/23/2019,
866,26,378,$39.20 ,5,11/24/2018,Sale Price
867,344,780,$43.79 ,8,12/3/2018,Sale Price
868,290,629,$44.99 ,4,4/17/2019,
869,323,322,$37.47 ,10,12/13/2018,
870,90,579,$33.39 ,1,8/5/2018,
871,287,253,$29.75 ,8,5/23/2019,
872,457,83,$20.03 ,10,10/10/2018,
873,186,812,$48.79 ,7,10/3/2018,
874,32,810,$8.69 ,7,5/31/2019,
875,185,799,$28.78 ,8,1/17/2019,
876,220,616,$11.76 ,3,11/4/2018,
877,397,201,$44.06 ,9,1/27/2019,
878,298,704,$13.23 ,3,3/10/2019,
879,89,334,$25.84 ,10,9/30/2018,
880,98,376,$7.83 ,5,12/1/2018,Sale Price
881,23,817,$34.26 ,5,6/9/2019,
882,182,8,$4.26 ,5,8/2/2018,
883,206,635,$32.30 ,2,8/22/2018,
884,453,584,$46.05 ,4,7/26/2018,
885,483,930,$28.21 ,6,2/13/2019,
886,463,455,$43.82 ,3,4/10/2019,
887,436,773,$46.09 ,8,7/30/2018,
888,10,473,$7.36 ,3,9/21/2018,
889,229,975,$29.83 ,7,2/6/2019,Sale Price
890,259,678,$5.80 ,6,12/21/2018,
891,305,82,$2.27 ,6,10/16/2018,Sale Price
892,102,288,$33.92 ,5,3/16/2019,
893,488,428,$1.73 ,2,11/28/2018,
894,489,346,$9.93 ,6,8/14/2018,
895,66,192,$7.21 ,1,12/25/2018,
896,32,940,$12.89 ,7,6/5/2019,
897,274,34,$10.94 ,7,4/21/2019,
898,321,424,$15.26 ,9,9/8/2018,
899,457,863,$32.55 ,5,2/23/2019,
900,80,4,$31.61 ,3,12/12/2018,Sale Price
901,7,311,$40.44 ,10,12/24/2018,
902,490,788,$13.21 ,6,5/8/2019,
903,282,164,$29.14 ,8,9/9/2018,
904,348,328,$31.41 ,3,7/8/2018,
905,10,613,$31.67 ,7,1/20/2019,
906,198,330,$42.64 ,1,3/26/2019,
907,33,288,$47.23 ,3,10/22/2018,
908,463,273,$36.41 ,4,4/30/2019,
909,333,194,$19.43 ,4,11/15/2018,Sale Price
910,186,521,$32.52 ,6,12/7/2018,Sale Price
911,69,804,$14.31 ,2,11/9/2018,
912,10,721,$24.87 ,7,7/9/2018,
913,299,984,$20.19 ,6,4/5/2019,
914,210,859,$43.27 ,4,10/17/2018,
915,126,112,$30.94 ,6,2/4/2019,Sale Price
916,92,332,$28.52 ,8,9/11/2018,
917,475,6,$27.46 ,3,7/25/2018,Sale Price
918,462,477,$32.24 ,10,11/14/2018,
919,496,811,$43.89 ,4,3/24/2019,
920,423,952,$16.87 ,2,11/17/2018,Sale Price
921,6,790,$41.67 ,6,1/13/2019,
922,113,235,$31.56 ,6,1/25/2019,
923,458,148,$36.73 ,9,3/24/2019,
924,110,912,$21.20 ,3,4/29/2019,Sale Price
925,183,669,$4.35 ,1,4/9/2019,
926,176,835,$3.64 ,5,12/25/2018,
927,363,522,$9.92 ,1,5/25/2019,Sale Price
928,62,319,$34.13 ,1,1/15/2019,
929,200,496,$29.72 ,2,1/4/2019,
930,481,252,$19.83 ,9,10/15/2018,
931,50,964,$7.78 ,10,9/17/2018,Sale Price
932,406,341,$26.93 ,1,7/28/2018,
933,500,623,$8.49 ,3,7/22/2018,
934,59,957,$7.29 ,3,8/27/2018,
935,142,640,$44.52 ,4,10/6/2018,
936,288,38,$21.79 ,7,3/26/2019,
937,33,948,$42.60 ,3,6/23/2019,
938,215,207,$31.96 ,4,2/14/2019,
939,249,214,$28.06 ,4,1/15/2019,
940,16,838,$39.08 ,8,8/19/2018,Sale Price
941,123,173,$44.66 ,5,5/8/2019,Sale Price
942,189,890,$12.06 ,3,5/24/2019,
943,84,810,$38.61 ,8,3/3/2019,Sale Price
944,463,649,$1.80 ,1,6/5/2019,
945,73,74,$9.26 ,6,5/4/2019,
946,181,722,$15.22 ,4,11/25/2018,
947,36,279,$2.72 ,10,5/17/2019,
948,494,846,$45.12 ,2,3/2/2019,Sale Price
949,294,985,$15.80 ,7,7/12/2018,
950,246,753,$31.99 ,4,10/14/2018,
951,183,66,$48.65 ,7,4/11/2019,
952,463,523,$32.94 ,2,8/21/2018,
953,251,611,$8.78 ,9,2/16/2019,
954,10,918,$10.43 ,8,12/22/2018,
955,98,188,$3.37 ,4,4/29/2019,Sale Price
956,353,287,$37.57 ,2,7/6/2018,
957,152,162,$37.79 ,8,2/14/2019,Sale Price
958,144,56,$32.78 ,9,11/21/2018,
959,51,848,$1.90 ,7,2/7/2019,
960,126,907,$32.63 ,2,9/28/2018,
961,411,229,$23.55 ,7,11/5/2018,
962,282,152,$23.82 ,5,6/6/2019,
963,458,40,$31.82 ,8,3/5/2019,
964,286,843,$18.20 ,1,5/9/2019,
965,374,341,$28.91 ,8,12/28/2018,
966,195,36,$5.20 ,1,9/9/2018,
967,95,883,$49.47 ,3,1/11/2019,
968,259,403,$26.44 ,5,3/6/2019,Sale Price
969,472,475,$2.62 ,8,3/18/2019,Sale Price
970,424,825,$5.02 ,1,11/12/2018,
971,152,952,$5.75 ,2,8/27/2018,
972,3,565,$38.54 ,3,7/25/2018,
973,280,63,$46.32 ,7,4/28/2019,
974,395,628,$14.65 ,9,5/14/2019,
975,415,114,$23.53 ,9,4/28/2019,
976,469,345,$10.60 ,3,6/5/2019,Sale Price
977,309,204,$25.57 ,5,3/6/2019,Sale Price
978,362,574,$19.83 ,9,9/29/2018,
979,436,29,$39.33 ,6,8/14/2018,
980,319,595,$24.63 ,2,10/3/2018,
981,422,346,$10.88 ,7,3/14/2019,
982,484,425,$37.25 ,10,12/17/2018,
983,287,978,$33.43 ,10,2/22/2019,
984,376,540,$43.47 ,10,3/31/2019,
985,301,790,$28.32 ,9,4/17/2019,Sale Price
986,222,788,$15.25 ,10,1/8/2019,Sale Price
987,304,307,$10.18 ,3,1/9/2019,
988,395,676,$28.89 ,6,4/28/2019,Sale Price
989,42,441,$22.96 ,9,8/31/2018,
990,30,699,$11.62 ,2,11/9/2018,Sale Price
991,134,788,$42.91 ,9,2/24/2019,
992,406,536,$16.54 ,2,12/10/2018,
993,428,93,$44.66 ,1,4/24/2019,
994,229,263,$27.37 ,7,4/22/2019,
995,238,77,$9.60 ,3,4/29/2019,Sale Price
996,324,536,$5.46 ,9,5/19/2019,Sale Price
997,367,494,$37.03 ,7,2/23/2019,
998,22,185,$28.07 ,4,3/12/2019,Sale Price
999,401,959,$37.55 ,2,11/25/2018,
1000,246,813,$11.00 ,7,9/4/2018,
